-- phpMyAdmin SQL Dump
-- version 5.2.1
-- https://www.phpmyadmin.net/
--
-- Host: 127.0.0.1
-- Waktu pembuatan: 06 Mar 2025 pada 19.40
-- Versi server: 10.4.32-MariaDB
-- Versi PHP: 8.2.12

SET SQL_MODE = "NO_AUTO_VALUE_ON_ZERO";
START TRANSACTION;
SET time_zone = "+00:00";


/*!40101 SET @OLD_CHARACTER_SET_CLIENT=@@CHARACTER_SET_CLIENT */;
/*!40101 SET @OLD_CHARACTER_SET_RESULTS=@@CHARACTER_SET_RESULTS */;
/*!40101 SET @OLD_COLLATION_CONNECTION=@@COLLATION_CONNECTION */;
/*!40101 SET NAMES utf8mb4 */;

--
-- Database: `gudang_db`
--

-- --------------------------------------------------------

--
-- Struktur dari tabel `barang`
--

CREATE TABLE `barang` (
  `id` int(11) NOT NULL,
  `kategori` varchar(50) NOT NULL,
  `nama_barang` varchar(100) NOT NULL,
  `banyak` int(11) NOT NULL,
  `unit` varchar(20) NOT NULL,
  `periode` varchar(20) NOT NULL,
  `keterangan` varchar(255) DEFAULT NULL,
  `stock_bulan_lalu` int(11) DEFAULT 0
) ENGINE=InnoDB DEFAULT CHARSET=utf8mb4 COLLATE=utf8mb4_general_ci;

--
-- Dumping data untuk tabel `barang`
--

INSERT INTO `barang` (`id`, `kategori`, `nama_barang`, `banyak`, `unit`, `periode`, `keterangan`, `stock_bulan_lalu`) VALUES
(1, 'traksi', 'Lahar luar dalam wahon', 0, 'Psg', '2025-2-11', NULL, 1),
(2, 'traksi', 'Baut Stut Wahon', 0, 'Pcs', '2025-2-11', '', 2),
(3, 'traksi', 'Filter Oli Excavator', 0, 'Pcs', '2025-2-11', '', 6),
(4, 'traksi', 'Klam Per Hartok Hiline', 0, 'Psg', '2025-2-11', '', 2),
(5, 'traksi', 'Filter Solar Botol Excavator', 0, 'Pcs', '2025-2-11', '', 3),
(6, 'traksi', 'Filter Air Excavator', 0, 'BH', '2025-2-11', '', 1),
(7, 'traksi', 'Filter Hidrolik Excavator', 0, 'BH', '2025-2-11', '', 1),
(8, 'traksi', 'Filter Solar Element Excavator', 0, 'BH', '2025-2-11', '', 1),
(9, 'traksi', 'Filter Solar Kain Excavator', 0, 'BH', '2025-2-11', '', 7),
(10, 'traksi', 'Nepel Pispot', 0, 'Pcs', '2025-2-11', '', 94),
(11, 'traksi', 'Kuku Baket Excavator', 0, 'Pcs', '2025-2-11', '', 3),
(12, 'traksi', 'Ruller Excavator', 0, 'Pcs', '2025-2-11', '', 3),
(13, 'traksi', 'Selang Valve Ke Arm', 0, 'BH', '2025-2-11', '', 1),
(14, 'traksi', 'Minyak Rem', 0, 'Btl', '2025-2-11', '', 9),
(15, 'traksi', 'Filter Air Grader', 0, 'BH', '2025-2-11', '', 1),
(16, 'traksi', 'Filter Hidrolik Grader', 0, 'BH', '2025-2-11', '', 2),
(17, 'traksi', 'Filter Oli Kecil Grader', 0, 'BH', '2025-2-11', '', 1),
(18, 'traksi', 'Filter Oli Besar Grader', 0, 'BH', '2025-2-11', '', 1),
(19, 'traksi', 'Filter Oli Dozer', 0, 'BH', '2025-2-11', '', 5),
(20, 'traksi', 'Filter Solar Jaring Kawat Dozer', 0, 'BH', '2025-2-11', '', 1),
(21, 'traksi', 'Filter Solar Botol Dozer', 0, 'BH', '2025-2-11', '', 6),
(22, 'traksi', 'Pispot Gemuk Tekiro', 0, 'BH', '2025-2-11', '', 1),
(23, 'traksi', 'Tutup Member Hiline', 0, 'Pcs', '2025-2-11', '', 4),
(24, 'traksi', 'Kunci Roda Tekiro', 0, 'BH', '2025-2-11', '', 2),
(25, 'traksi', 'Filter Solar Kain Dozer', 0, 'BH', '2025-2-11', '', 6),
(26, 'traksi', 'Selang Pompa Hidrolik Dozer', 0, 'BH', '2025-2-11', '', 1),
(27, 'traksi', 'Selang Treck Uk. Kepala 19', 0, 'BH', '2025-2-11', '', 2),
(28, 'traksi', 'Filter Hidrolik Element Dozer', 0, 'BH', '2025-2-11', '', 6),
(29, 'traksi', 'Nepel Treck Excavator', 0, 'Pcs', '2025-2-11', '', 5),
(30, 'traksi', 'Baut Kuku Bucket Excavator', 0, 'Pcs', '2025-2-11', '', 9),
(31, 'traksi', 'Adaptor Kuku Bucket Excavator', 5, 'Pcs', '2025-2-11', '', 55),
(32, 'traksi', 'Seal Lit Motor Swing Excavator', 0, 'Set', '2025-2-11', '', 1),
(33, 'traksi', 'Value Relief Arm Excavator', 0, 'Pcs', '2025-2-11', '', 2),
(34, 'traksi', 'Bushing Sambungan Tangan Exc', 0, 'Pcs', '2025-2-11', '', 2),
(35, 'traksi', 'Seal Bom Hidrolik Pisau Dozer', 0, 'Set', '2025-2-11', '', 2),
(36, 'traksi', 'Filter Solar Grader ', 0, 'Pcs', '2025-2-11', '', 2),
(37, 'traksi', 'Piston Cakram F70 Hiline', 0, 'Pcs', '2025-2-11', '', 1),
(38, 'traksi', 'Selang Minyak Excavator', 0, 'Mtr', '2025-2-11', '', 6),
(39, 'traksi', 'Ban Dalam Belakang John Deere', 0, 'BH', '2025-2-11', '', 1),
(40, 'traksi', 'Lahar Depan John Deere', 0, 'Pcs', '2025-2-11', '', 8),
(41, 'traksi', 'Pompa Minyak John Deere', 0, 'Set', '2025-2-11', '', 1),
(42, 'traksi', 'Baut Roda Engkel John Deere', 0, 'Pcs', '2025-2-11', '', 8),
(43, 'traksi', 'Bola Lampu Halogen John Deere', 0, 'Pcs', '2025-2-11', '', 6),
(44, 'traksi', 'Filter Oli Hidrolik John Deere', 0, 'Pcs', '2025-2-11', '', 4),
(45, 'traksi', 'Filter Hidrolik John Deere', 0, 'Pcs', '2025-2-11', '', 5),
(46, 'traksi', 'Filter Air John Deere', 0, 'BH', '2025-2-11', '', 3),
(47, 'traksi', 'Lahar Belakang John Deere', 0, 'Set', '2025-2-11', '', 3),
(48, 'traksi', 'Kain Klos John Deere', 0, 'Set', '2025-2-11', '', 2),
(49, 'traksi', 'Filter Minyak John Deere', 0, 'BH', '2025-2-11', '', 3),
(50, 'traksi', 'Kepala Kambing Dalam John Deere', 0, 'Pcs', '2025-2-11', '', 5),
(51, 'traksi', 'Plat 10 Mili', 0, 'Pcs', '2025-2-11', '', 1),
(52, 'traksi', 'Kawat Las RB 26', 0, 'Ktk', '2025-2-11', '', 1),
(53, 'traksi', 'Tutup Radiator John Deere', 0, 'Pcs', '2025-2-11', '', 1),
(54, 'traksi', 'Cat Minyak Coklat Kecil', 0, 'Klg', '2025-2-11', '', 1),
(55, 'traksi', 'Oring Kit Control Valpe Excavator', 0, 'Set', '2025-2-11', '', 1),
(56, 'traksi', 'Filter Minyak Hiline', 0, 'Pcs', '2025-2-11', '', 5),
(57, 'traksi', 'Filter Oli Hiline', 0, 'Pcs', '2025-2-11', '', 3),
(58, 'traksi', 'Oli Gerdang 140', 0, 'Ltr', '2025-2-11', '', 125),
(59, 'traksi', 'Oli 40', 0, 'Ltr', '2025-2-11', '', 217),
(60, 'traksi', 'Seal Porsneling Bibir', 0, 'BH', '2025-2-11', '', 1),
(61, 'traksi', 'Filter Solar Ps 100 Genset', 0, 'Pcs', '2025-2-11', '', 1),
(62, 'traksi', 'Kepala Baterai', 0, 'Psg', '2025-2-11', '', 4),
(63, 'traksi', 'Mata Tos No 2', 0, 'Pcs', '2025-2-11', '', 1),
(64, 'traksi', 'Klam Jepitan Tali Seling', 0, 'BH', '2025-2-11', '', 8),
(65, 'traksi', 'Seal Kit Stior Grader', 0, 'Set', '2025-2-11', '', 1),
(66, 'traksi', 'Selang Pompa Excavator', 0, 'Pcs', '2025-2-11', '', 1),
(67, 'traksi', 'Filter Oli PS 100 Colt Genset', 0, 'Pcs', '2025-2-11', '', 3),
(68, 'traksi', 'Baut Pisau Grader', 0, 'Pcs', '2025-2-11', '', 3),
(69, 'traksi', 'Selang Minyak Genset', 0, 'Pcs', '2025-2-11', '', 1),
(70, 'traksi', 'Filter Oli C-1012', 0, 'Pcs', '2025-2-11', '', 2),
(71, 'traksi', 'Filter Hawa A-5666 Dozer', 0, 'Pcs', '2025-2-11', '', 1),
(72, 'traksi', 'Kabel Baterai Kuningan', 0, 'Mtr', '2025-2-11', '', 4),
(73, 'traksi', 'Seal Bom Angkat Pisau Grader', 0, 'Pcs', '2025-2-11', '', 2),
(74, 'traksi', 'Cabang 4 Belakang Colt Ps 100', 0, 'Pcs', '2025-2-11', '', 1),
(75, 'traksi', 'Baut Ruller Dozer', 0, 'Pcs', '2025-2-11', '', 10),
(76, 'traksi', 'Baut Pisau Dozer', 0, 'Pcs', '2025-2-11', '', 22),
(77, 'traksi', 'Nepel Stior John Deere', 0, 'Pcs', '2025-2-11', '', 3),
(78, 'traksi', 'Pompa Celup Solar', 0, 'BH', '2025-2-11', '', 1),
(79, 'traksi', 'Ruller Atas Dozer', 0, 'BH', '2025-2-11', '', 1),
(80, 'traksi', 'Selang Bucket Kepala Kunci 36 Ex', 0, 'Pcs', '2025-2-11', '', 1),
(81, 'traksi', 'Seal As Depan Hiline', 0, 'Pcs', '2025-2-11', '', 1),
(82, 'traksi', 'Tapak Kopling Hiline', 0, 'BH', '2025-2-11', '', 1),
(83, 'traksi', 'Mor Resing Panjang', 0, 'Pcs', '2025-2-11', '', 14),
(84, 'traksi', 'Baut Roda Hiline', 0, 'Pcs', '2025-2-11', '', 3),
(85, 'traksi', 'Cabang 4 As Depan John Deere', 0, 'Pcs', '2025-2-11', '', 2),
(86, 'traksi', 'Tapak Rem John Deere', 0, 'Pcs', '2025-2-11', '', 2),
(87, 'traksi', 'Seal Depan John Deere', 0, 'Pcs', '2025-2-11', '', 2),
(88, 'traksi', 'Tie Rod John Deere', 0, 'Pcs', '2025-2-11', '', 2),
(89, 'traksi', 'Selang Rem Besi Grader', 0, 'Pcs', '2025-2-11', '', 1),
(90, 'traksi', 'Klam Per Wahon', 0, 'BH', '2025-2-11', '', 2),
(91, 'traksi', 'Mata Tap', 0, 'Ktk', '2025-2-11', '', 1),
(92, 'traksi', 'Baut Stut Per Hiline ', 0, 'Pcs', '2025-2-11', '', 8),
(93, 'traksi', 'Reli Lampu', 0, 'Pcs', '2025-2-11', '', 2),
(94, 'traksi', 'Alat Pengukur Angin Ban', 0, 'Set', '2025-2-11', '', 1),
(95, 'traksi', 'Karet Tempel Ban', 0, 'Ikat', '2025-2-11', '', 1),
(96, 'traksi', 'Baut 12 mm Ukuran 2 Inci', 0, 'Pcs', '2025-2-11', '', 1),
(97, 'traksi', 'Tali Kipas John Deere', 0, 'BH', '2025-2-11', '', 1),
(98, 'traksi', 'Baut Roda Ban Grader', 0, 'Pcs', '2025-2-11', '', 6),
(99, 'traksi', 'Pin Per Panjang Depan Hiline', 0, 'Pcs', '2025-2-11', '', 4),
(100, 'traksi', 'Kupingan Grader', 0, 'Pcs', '2025-2-11', '', 2),
(101, 'traksi', 'Ampare Meter Baterai', 0, 'Pcs', '2025-2-11', '', 1),
(102, 'traksi', 'Selang Boom Penghubung Kiri/kanan', 0, 'Pcs', '2025-2-11', '', 1),
(103, 'traksi', 'Selang Boom kanan', 0, 'Pcs', '2025-2-11', '', 1),
(104, 'traksi', 'Seal Boom Bucket Reseal Ex. Kobel', 0, 'Set', '2025-2-11', '', 2),
(105, 'traksi', 'Seal Boom Arm Reseal Ex. Kobel', 0, 'Set', '2025-2-11', '', 2),
(106, 'traksi', 'Seal Boom Penghubung Parker ', 0, 'Set', '2025-2-11', '', 2),
(107, 'traksi', 'Seal Boom Kanan Parker Dozer', 0, 'Set', '2025-2-11', '', 2),
(108, 'traksi', 'Selang 1 Inci R4 x 130 cm', 0, 'Pcs', '2025-2-11', '', 1),
(109, 'traksi', 'Selang 3/4 Inci R2 x 1.2 Mtr', 0, 'Pcs', '2025-2-11', '', 1),
(110, 'traksi', 'Selang 3/4 Inci R2 x 1 Mtr', 0, 'Pcs', '2025-2-11', '', 1),
(111, 'traksi', 'Selang 3/4 Inci R2 x 73 cm', 0, 'Pcs', '2025-2-11', '', 1),
(112, 'traksi', 'Selang 1 Inci R4 x 171 cm', 0, 'Pcs', '2025-2-11', '', 2),
(113, 'traksi', 'Selang 1 Inci R4 x 128 cm', 0, 'Pcs', '2025-2-11', '', 2),
(114, 'traksi', 'Selang Radiator dari Diesel', 0, 'Pcs', '2025-2-11', '', 1),
(115, 'traksi', 'Baut + Mur 14 mm x 3 Inci', 0, 'Pcs', '2025-2-11', '', 4),
(116, 'traksi', 'Oli 90', 0, 'Ltr', '2025-2-11', '', 5),
(117, 'traksi', 'Sarung Tangan Las', 0, 'Psg', '2025-2-11', '', 8),
(118, 'traksi', 'Air Baterai Uk 1 Liter', 8, 'Btl', '2025-2-11', '', 2),
(119, 'traksi', 'Gun Semprot', 0, 'Psg', '2025-2-11', '', 1),
(120, 'traksi', 'Ban Dalam 750 Hiline', 0, 'BH', '2025-2-11', '', 1),
(121, 'traksi', 'Kabel Jumper', 0, 'Set', '2025-2-11', '', 1),
(122, 'traksi', 'Velg Taft GT', 0, 'BH', '2025-2-11', '', 1),
(123, 'traksi', 'Selang Pispot', 0, 'BH', '2025-2-11', '', 1),
(124, 'traksi', 'Fogging Machine', 0, 'Unit', '2025-2-11', '', 1),
(125, 'traksi', 'Selenoid PN YN35V00050F1 Exca', 0, 'Pcs', '2025-2-11', '', 1),
(126, 'traksi', 'Seal Bom Pisau Grader', 0, 'Pcs', '2025-2-11', '', 1),
(127, 'traksi', 'Ampare Meter Air Radiator Kobelco', 0, 'Pcs', '2025-2-11', '', 1),
(128, 'traksi', 'Oreng', 0, 'Ktk', '2025-2-11', '', 1),
(129, 'traksi', 'Tali Seling 1/2 Inci', 0, 'Mtr', '2025-2-11', '', 100),
(130, 'traksi', 'Mata Tos No 1', 0, 'Psg', '2025-2-11', '', 1),
(131, 'traksi', 'Filter Oli John Deere P551352', 0, 'Pcs', '2025-2-11', '', 4),
(132, 'traksi', 'Mata Pancing Tali Seling', 0, 'BH', '2025-2-11', '', 4),
(133, 'traksi', 'Selang Pisau Kunci 27 mm Pjg 1.2', 0, 'BH', '2025-2-11', '', 1),
(134, 'traksi', 'Mur As Belakang Tangki Air', 0, 'Psg', '2025-2-11', '', 2),
(135, 'traksi', 'Seal Kit Adjuster Track Dozer', 0, 'Set', '2025-2-11', '', 2),
(136, 'traksi', 'Piring Cakram Hiline', 0, 'BH', '2025-2-11', '', 1),
(137, 'traksi', 'Lampu Hella H4 12V', 0, 'Pcs', '2025-2-11', '', 4),
(138, 'traksi', 'Baut Ruller Excavator', 0, 'Pcs', '2025-2-11', '', 16),
(139, 'traksi', 'Kunci Sock 36', 0, 'BH', '2025-2-11', '', 1),
(140, 'traksi', 'Bola Lampu Halogen 24 Volt', 0, 'BH', '2025-2-11', '', 7),
(141, 'traksi', 'Selang Pembuangan Air Dozer', 0, 'Mtr', '2025-2-11', '', 2),
(142, 'traksi', 'Oli 69', 0, 'Ltr', '2025-2-11', '', 153),
(143, 'traksi', 'Seal Bom Stior Grader', 0, 'Set', '2025-2-11', '', 1),
(144, 'traksi', 'Ruller Single Flange', 0, 'BH', '2025-2-11', '', 2),
(145, 'traksi', 'Seltip', 0, 'BH', '2025-2-11', '', 3),
(146, 'traksi', 'Bearing Swing Excavator', 0, 'Pcs', '2025-2-11', '', 1),
(147, 'traksi', 'Pen Sambungan Tangan Excavator', 0, 'Pcs', '2025-2-11', '', 1),
(148, 'traksi', 'Tapak Shoe Excavator', 0, 'Pcs', '2025-2-11', '', 5),
(149, 'traksi', 'Seal Clyder Articulate Grader', 0, 'Set', '2025-2-11', '', 1),
(150, 'traksi', 'Tali Kipas Mesin Doorsmeer', 0, 'Pcs', '2025-2-11', '', 1),
(151, 'traksi', 'Baut Kopling OHK', 0, 'Pcs', '2025-2-11', '', 12),
(152, 'Listrik', 'Handel Listrik Besar', 0, 'BH', '2025-2-11', '', 8),
(153, 'Listrik', 'Bola Lampu 18 Watt', 25, 'BH', '2025-2-11', '', 0),
(154, 'Listrik', 'Plat Panasonic 2 Klik', 0, 'Pcs', '2025-2-11', '', 1),
(155, 'Listrik', 'Pitting Gantung', 0, 'Pcs', '2025-2-11', '', 8),
(156, 'Listrik', 'Pitting Tempel', 0, 'BH', '2025-2-11', '', 4),
(157, 'Listrik', 'Kabel 2x1.5 mm', 0, 'Mtr', '2025-2-11', '', 16),
(158, 'Listrik', 'Konektor', 0, 'BH', '2025-2-11', '', 18),
(159, 'Listrik', 'Kabel SR', 0, 'Mtr', '2025-2-11', '', 290),
(160, 'Listrik', 'Kabel Serabut', 0, 'Mtr', '2025-2-11', '', 30),
(161, 'Listrik', 'Linder Gardu PLN', 0, 'Pcs', '2025-2-11', '', 1),
(162, 'Listrik', 'MCB 3 Phase', 0, 'BH', '2025-2-11', '', 1),
(163, 'Listrik', 'MCB 25 Ampare', 0, 'BH', '2025-2-11', '', 2),
(164, 'Listrik', 'MCB 4 Ampare', 0, 'BH', '2025-2-11', '', 3),
(165, 'Listrik', 'Multi Tester', 0, 'Psg', '2025-2-11', '', 1),
(166, 'Listrik', 'Kontaktor XJ-3 DCHNT', 0, 'Pcs', '2025-2-11', '', 1),
(167, 'Listrik', 'Herel MCB', 0, 'BH', '2025-2-11', '', 1),
(168, 'Listrik', 'Pipa Listrik 3/4', 0, 'Btg', '2025-2-11', '', 5),
(169, 'Listrik', 'Kabel NYM 3x1,5', 0, 'Mtr', '2025-2-11', '', 129),
(170, 'Listrik', 'Saklar Tunggal ', 0, 'BH', '2025-2-11', '', 6),
(171, 'Listrik', 'Saklar Ganda', 0, 'BH', '2025-2-11', '', 1),
(172, 'Listrik', 'Saklar Panasonic', 0, 'BH', '2025-2-11', '', 7),
(173, 'Listrik', 'Solar Cell', 0, 'BH', '2025-2-11', '', 15),
(174, 'Listrik', 'Kabel NYM 2x2,5', 0, 'Mtr', '2025-2-11', '', 40),
(175, 'Listrik', 'Mangkok Listrik Ganda', 0, 'BH', '2025-2-11', '', 4),
(176, 'Listrik', 'Mangkok Listrik Tunggal', 0, 'BH', '2025-2-11', '', 8),
(177, 'Listrik', 'Paku Klam Kabel', 0, 'Pak', '2025-2-11', '', 2),
(178, 'Listrik', 'Klam Pipa Listrik 3/4', 0, 'Bks', '2025-2-11', '', 1),
(179, 'Listrik', 'Tutup MCB', 0, 'BH', '2025-2-11', '', 1),
(180, 'Listrik', 'Cok Listrik', 0, 'BH', '2025-2-11', '', 3),
(181, 'Listrik', 'Stop Kontak Panasonic', 0, 'BH', '2025-2-11', '', 6),
(182, 'Listrik', 'Tudung Lampu Tiang', 0, 'BH', '2025-2-11', '', 17),
(183, 'Listrik', 'Plat Panasonic 3 Klik', 0, ' BH', '2025-2-11', '', 10),
(184, 'Listrik', 'Salasiban National', 0, 'BH', '2025-2-11', '', 3),
(185, 'Listrik', 'DN Kabel', 0, 'BH', '2025-2-11', '', 4),
(186, 'Listrik', 'Fitting Lampu Tiang', 0, 'BH', '2025-2-11', '', 5),
(187, 'Peralatan Bangunan', 'Lem Fox', 0, 'Bks', '2025-2-11', '', 1),
(188, 'Peralatan Bangunan', 'Pressure Gauge', 0, 'BH', '2025-2-11', '', 1),
(189, 'Peralatan Bangunan', 'Cat Minyak Hitam', 0, 'Klg', '2025-2-11', '', 3),
(190, 'Peralatan Bangunan', 'Besi Siku 1.5 mm x 4 mtr', 0, 'Btg', '2025-2-11', '', 4),
(191, 'Peralatan Bangunan', 'Kunci Silinder Sedang', 0, 'BH', '2025-2-11', '', 6),
(192, 'Peralatan Bangunan', 'Cat Minyak Biru Laut', 0, 'Klg', '2025-2-11', '', 1),
(193, 'Peralatan Bangunan', 'Pahat Beton', 0, 'BH', '2025-2-11', '', 2),
(194, 'Peralatan Bangunan', 'Klam Pengikat Kawat 3 mm', 0, 'Pcs', '2025-2-11', '', 15),
(195, 'Peralatan Bangunan', 'Klam Aluminium 3 mm', 0, 'Pcs', '2025-2-11', '', 17),
(196, 'Peralatan Bangunan', 'Batang Besi Kuningan ', 0, 'Btg', '2025-2-11', '', 1),
(197, 'Peralatan Bangunan', 'Kunci Silinder Besar', 0, 'BH', '2025-2-11', '', 6),
(198, 'Peralatan Bangunan', 'Pintu Piber', 0, 'BH', '2025-2-11', '', 1),
(199, 'Peralatan Bangunan', 'Lakban Hitam', 0, 'BH', '2025-2-11', '', 1),
(200, 'Peralatan Bangunan', 'Cat Emas 100 gr', 0, 'BH', '2025-2-11', '', 1),
(201, 'Peralatan Bangunan', 'List Keramik', 0, 'Mtr', '2025-2-11', '', 6),
(202, 'Peralatan Bangunan', 'Keset Kaki Kain ', 0, 'Pcs', '2025-2-11', '', 1),
(203, 'Peralatan Bangunan', 'Pensil Bangunan', 0, 'BH', '2025-2-11', '', 8),
(204, 'Peralatan Bangunan', 'Marting Tipe Isolasi Triplek', 0, 'Glg', '2025-2-11', '', 20),
(205, 'Peralatan Bangunan', 'Senter Kepala 8 Watt', 0, 'BH', '2025-2-11', '', 4),
(206, 'Peralatan Bangunan', 'Cat Minyak Brown 1 Kg', 0, 'Klg', '2025-2-11', '', 5),
(207, 'Peralatan Bangunan', 'Cangkul (Set)', 0, 'BH', '2025-2-11', '', 1),
(208, 'Peralatan Bangunan', 'Tenda Biru', 0, 'Mtr', '2025-2-11', '', 16),
(209, 'Peralatan Bangunan', 'Semen', 0, 'Sak', '2025-2-11', '', 1),
(210, 'Peralatan Bangunan', 'Besi Siku 40x40', 0, 'Btg', '2025-2-11', '', 2),
(211, 'Peralatan Bangunan', 'Roda Gepeng 3 Inci', 0, 'Set', '2025-2-11', '', 1),
(212, 'Peralatan Bangunan', 'Engsel Pintu 4 Inci', 0, 'BH', '2025-2-11', '', 3),
(213, 'Peralatan Bangunan', 'Tripox', 0, 'BH', '2025-2-11', '', 1),
(214, 'Peralatan Bangunan', 'Paku Beton 3 Inci', 0, 'Ktk', '2025-2-11', '', 2),
(215, 'Peralatan Bangunan', 'Cat Air Putih', 75, 'Kg', '2025-2-11', '', 0),
(216, 'Peralatan Bangunan', 'Paku 2 ½', 0, 'Kg', '2025-2-11', '', 9),
(217, 'Peralatan Bangunan', 'Paku 4 Inci', 0, 'Kg', '2025-2-11', '', 1),
(218, 'Peralatan Bangunan', 'Cangkul Taman', 0, 'BH', '2025-2-11', '', 8),
(219, 'Peralatan Bangunan', 'Paku 1 Inci', 0, 'Kg', '2025-2-11', '', 4),
(220, 'Peralatan Bangunan', 'Baut Sekrop 1 ½', 0, 'Ktk', '2025-2-11', '', 3),
(221, 'Peralatan Bangunan', 'Mata Bor 1/2 Inci', 0, 'BH', '2025-2-11', '', 1),
(222, 'Peralatan Bangunan', 'Mata Garpu', 0, 'BH', '2025-2-11', '', 3),
(223, 'Peralatan Bangunan', 'Mata Gerenda Potong', 0, 'Pcs', '2025-2-11', '', 16),
(224, 'Peralatan Bangunan', 'Cat Pilox Merah', 0, 'BH', '2025-2-11', '', 1),
(225, 'Peralatan Bangunan', 'Packing Karet', 0, 'Bks', '2025-2-11', '', 1),
(226, 'Peralatan Bangunan', 'Paku 3 Inci', 0, 'Kg', '2025-2-11', '', 4),
(227, 'Peralatan Bangunan', 'Rabung Seng', 0, 'BH', '2025-2-11', '', 1),
(228, 'Peralatan Bangunan', 'Paku Seng ', 0, 'Ktk', '2025-2-11', '', 1),
(229, 'Peralatan Bangunan', 'Contaxtor', 0, 'BH', '2025-2-11', '', 1),
(230, 'Peralatan Bangunan', 'Mata Brush Grenda 3\'', 0, 'BH', '2025-2-11', '', 4),
(231, 'Peralatan Bangunan', 'Engsel Culvert', 0, 'Psg', '2025-2-11', '', 4),
(232, 'Peralatan Bangunan', 'Kawat Duri', 0, 'Rol', '2025-2-11', '', 13),
(233, 'Peralatan Bangunan', 'Sekop Petak', 0, 'BH', '2025-2-11', '', 1),
(234, 'Peralatan Bangunan', 'Mata Gerenda Tebal (Asah)', 0, 'Pcs', '2025-2-11', '', 93),
(235, 'Peralatan Bangunan', 'Engsel Jendela 3 Inci', 0, 'Psg', '2025-2-11', '', 7),
(236, 'Peralatan Bangunan', 'Paku 5 Inci', 0, 'Kg', '2025-2-11', '', 17),
(237, 'Peralatan Bangunan', 'Baut Fisher 10 mm', 0, 'BH', '2025-2-11', '', 40),
(238, 'Peralatan Bangunan', 'Pel Dorong Karet', 0, 'Pcs', '2025-2-11', '', 1),
(239, 'Peralatan Bangunan', 'Double Tape', 0, 'BH', '2025-2-11', '', 2),
(240, 'Alat Lainnya', 'Centong Nasi', 0, 'Pcs', '2025-2-11', '', 1),
(241, 'Alat Lainnya', 'Helm Safety Biru', 0, 'BH', '2025-2-11', '', 5),
(242, 'Alat Lainnya', 'Helm Safety Putih', 0, 'BH', '2025-2-11', '', 7),
(243, 'Alat Lainnya', 'Tinta Print Hitam', 0, 'BH', '2025-2-11', '', 3),
(244, 'Alat Lainnya', 'Topeng Las', 0, 'BH', '2025-2-11', '', 1),
(245, 'Alat Lainnya', 'Wajan', 0, 'BH', '2025-2-11', '', 2),
(246, 'Alat Lainnya', 'Plastik Mucuna', 0, 'Kg', '2025-2-11', '', 10),
(247, 'Alat Lainnya', 'Baskom Kecil', 0, 'BH', '2025-2-11', '', 2),
(248, 'Alat Lainnya', 'Mangkok Sayur Plastik', 0, 'BH', '2025-2-11', '', 3),
(249, 'Alat Lainnya', 'Centong Sayur/Goreng', 0, 'BH', '2025-2-11', '', 2),
(250, 'Alat Lainnya', 'Gelas Plastik', 0, 'BH', '2025-2-11', '', 4),
(251, 'Alat Lainnya', 'Piring Makan Plastik', 0, 'BH', '2025-2-11', '', 4),
(252, 'Alat Lainnya', 'Kikir Gergaji', 0, 'Pcs', '2025-2-11', '', 1),
(253, 'Alat Lainnya', 'Back Cover Besi', 0, 'Set', '2025-2-11', '', 1),
(254, 'Alat Lainnya', 'Mata Gergaji Besi', 0, 'Pcs', '2025-2-11', '', 1),
(255, 'Alat Lainnya', 'Sendok Serong', 0, 'Pcs', '2025-2-11', '', 1),
(256, 'Alat Lainnya', 'Baskom Sedang Plastik', 0, 'Pcs', '2025-2-11', '', 3),
(257, 'Alat Lainnya', 'Photo Cell', 0, 'BH', '2025-2-11', '', 5),
(258, 'Alat Lainnya', 'Kuas 4 Inci', 0, 'BH', '2025-2-11', '', 1),
(259, 'Alat Lainnya', 'Sendok Bata', 0, 'BH', '2025-2-11', '', 1),
(260, 'Alat Lainnya', 'Kain Batik Panjang ', 0, 'Lbr', '2025-2-11', '', 2),
(261, 'Alat Lainnya', 'Gunting Kuku', 0, 'Pcs', '2025-2-11', '', 2),
(262, 'Alat Lainnya', 'Tali Tambang', 0, 'Mtr', '2025-2-11', '', 91),
(263, 'Alat Lainnya', 'Sekrap Bangunan', 0, 'Pcs', '2025-2-11', '', 1),
(264, 'Alat Lainnya', 'Kunci Busi Shinso', 0, 'BH', '2025-2-11', '', 1),
(265, 'Alat Lainnya', 'Botol Sprey 840 Mili', 0, 'BH', '2025-2-11', '', 2),
(266, 'Alat Lainnya', 'Cat Minyak Hijau Air', 0, 'Klg', '2025-2-11', '', 2),
(267, 'Alat Lainnya', 'Furing Flapon', 0, 'Btg', '2025-2-11', '', 120),
(268, 'Alat Lainnya', 'Theodolite', 0, 'BH', '2025-2-11', '', 1),
(269, 'Alat Lainnya', 'Raskam', 0, 'BH', '2025-2-11', '', 1),
(270, 'Alat Lainnya', 'Spirtus', 0, 'Ltr', '2025-2-11', '', 0),
(271, 'Alat Lainnya', 'Seng Spandek 0.35', 0, 'Lbr', '2025-2-11', '', 95),
(272, 'Alat Lainnya', 'Kepala Gembor', 0, 'BH', '2025-2-11', '', 2),
(273, 'Alat Lainnya', 'Racun Api 3 Kg', 0, 'BH', '2025-2-11', '', 3),
(274, 'Alat Lainnya', 'Tali 9 MM', 0, 'Mtr', '2025-2-11', '', 44),
(275, 'Alat Lainnya', 'Lahar kereta Sorong', 0, 'Psg', '2025-2-11', '', 4),
(276, 'Alat Lainnya', 'Baut Klep Solo', 0, 'Pcs', '2025-2-11', '', 16),
(277, 'Alat Lainnya', 'Karet Klep Solo', 0, 'Pcs', '2025-2-11', '', 12),
(278, 'Alat Lainnya', 'Catdrige Cannon 811', 0, 'Pcs', '2025-2-11', '', 1),
(279, 'Alat Lainnya', 'Nozle Kuningan Jantung', 0, 'BH', '2025-2-11', '', 4),
(280, 'Alat Lainnya', 'Rambu Ukur 3 Meter', 0, 'Psg', '2025-2-11', '', 1),
(281, 'Alat Lainnya', 'Stick Gagang Semprot Solo', 0, 'Pcs', '2025-2-11', '', 3),
(282, 'Alat Lainnya', 'Pengeras Semen', 0, 'BH', '2025-2-11', '', 1),
(283, 'Alat Lainnya', 'Catdrige Cannon 810', 0, 'Pcs', '2025-2-11', '', 2),
(284, 'Alat Lainnya', 'Baut Gapit Panjang 7 Inci', 0, 'Pcs', '2025-2-11', '', 20),
(285, 'Alat Lainnya', 'Martil 5 Kg', 0, 'BH', '2025-2-11', '', 1),
(286, 'Alat Lainnya', 'Pegangan Jendela', 0, 'BH', '2025-2-11', '', 2),
(287, 'Alat Lainnya', 'Pacok Jendela', 0, 'Psg', '2025-2-11', '', 10),
(288, 'Alat Lainnya', 'Hak Angin Jendela', 0, 'Psg', '2025-2-11', '', 12),
(289, 'Alat Lainnya', 'Timbangan Duduk', 0, 'Unit', '2025-2-11', '', 1),
(290, 'Alat Lainnya', 'Selang Drip Bibitan', 0, 'Roll', '2025-2-11', '', 19),
(291, 'Alat Lainnya', 'Kunci Pintu 10 Inci', 0, 'Psg', '2025-2-11', '', 1),
(292, 'Alat Lainnya', 'Mesin Robin Komplit', 0, 'Unit', '2025-2-11', '', 1),
(293, 'Alat Lainnya', 'Kuas Lukis', 0, 'Pcs', '2025-2-11', '', 1),
(294, 'Alat Lainnya', 'Cat Minyak Kuning', 0, 'Klg', '2025-2-11', '', 3),
(295, 'Alat Lainnya', 'Sikat Kamar Mandi', 0, 'BH', '2025-2-11', '', 1),
(296, 'Alat Lainnya', 'Keranjang Sampah', 0, 'BH', '2025-2-11', '', 1),
(297, 'Alat Lainnya', 'Sendok Makan', 0, 'Pcs', '2025-2-11', '', 6),
(298, 'Alat Lainnya', 'Meteran 50 Meter', 0, 'BH', '2025-2-11', '', 1),
(299, 'Alat Lainnya', 'Blog Air 1.000 Liter', 0, 'Unit', '2025-2-11', '', 1),
(300, 'Alat Lainnya', 'Tali Nilon', 4, 'Roll', '2025-2-11', '', 0),
(301, 'Alat Lainnya', 'Kalkulator', 0, 'BH', '2025-2-11', '', 2),
(302, 'Alat Lainnya', 'Selang Robin', 0, 'Mtr', '2025-2-11', '', 8),
(303, 'Alat Lainnya', 'Lem Dexton', 5, 'BH', '2025-2-11', '', 0),
(304, 'Alat Lainnya', 'Polybag 40x40', 0, 'Bal', '2025-2-11', '', 39),
(305, 'Alat Lainnya', 'Babybag 15x21', 0, 'Bal', '2025-2-11', '', 2),
(306, 'Alat Lainnya', 'Cat Pilox Putih', 0, 'Klg', '2025-2-11', '', 2),
(307, 'Alat Lainnya', 'Paku 2 Inci', 0, 'Kg', '2025-2-11', '', 1),
(308, 'Alat Lainnya', 'Lakban Coklat', 0, 'BH', '2025-2-11', '', 3),
(309, 'Alat Lainnya', 'Drum Biru', 0, 'BH', '2025-2-11', '', 1),
(310, 'Alat Lainnya', 'Sabun Cuci Tangan', 0, 'BH', '2025-2-11', '', 1),
(311, 'Alat Lainnya', 'Pollynet/Waring', 0, 'Roll', '2025-2-11', '', 13),
(312, 'Alat Lainnya', 'Jaring Ayam', 0, 'Mtr', '2025-2-11', '', 47),
(313, 'Alat Lainnya', 'Karet Ban', 2, 'Ikat', '2025-2-11', '', 0),
(314, 'Alat Lainnya', 'Pelobang Kertas', 0, 'BH', '2025-2-11', '', 1),
(315, 'Alat Lainnya', 'Paranet', 0, 'Roll', '2025-2-11', '', 1),
(316, 'Air', 'Sock 3 Inci', 0, 'BH', '2025-2-11', '', 2),
(317, 'Air', 'Sock Drat 2 Inci', 0, 'BH', '2025-2-11', '', 5),
(318, 'Air', 'Sock Sambung 2 Inci', 0, 'BH', '2025-2-11', '', 40),
(319, 'Air', 'Sock Sambung 3/4', 0, 'BH', '2025-2-11', '', 2),
(320, 'Air', 'Sock 2 ke 3/4', 0, 'BH', '2025-2-11', '', 2),
(321, 'Air', 'Stop Kran 3/4', 0, 'BH', '2025-2-11', '', 1),
(322, 'Air', 'Stop Kran 4 Inci', 0, 'BH', '2025-2-11', '', 4),
(323, 'Air', 'Tee 1/2 Inci', 0, 'BH', '2025-2-11', '', 6),
(324, 'Air', 'Elbow 3 Inci', 0, 'BH', '2025-2-11', '', 2),
(325, 'Air', 'Elbow 2.5 Inci', 0, 'BH', '2025-2-11', '', 3),
(326, 'Air', 'Klam Pipa 1 Inci', 0, 'BH', '2025-2-11', '', 50),
(327, 'Air', 'Dop 1 1/2 Inci', 0, 'BH', '2025-2-11', '', 3),
(328, 'Air', 'Dop 3/4', 0, 'BH', '2025-2-11', '', 8),
(329, 'Air', 'Dop 2 Inci', 0, 'BH', '2025-2-11', '', 6),
(330, 'Air', 'Tee Sop Drat 3/4', 0, 'BH', '2025-2-11', '', 4),
(331, 'Air', 'Tee 3/4 ', 0, 'BH', '2025-2-11', '', 5),
(332, 'Air', 'Elbow 3/4', 0, 'BH', '2025-2-11', '', 4),
(333, 'Air', 'Elbow 2 Inci', 0, 'BH', '2025-2-11', '', 7),
(334, 'Air', 'Tee 2 Inci', 0, 'BH', '2025-2-11', '', 4),
(335, 'Air', 'Tee 2 Ke 1 Inci', 0, 'BH', '2025-2-11', '', 7),
(336, 'Air', 'Tee 1/2 Inci', 0, 'BH', '2025-2-11', '', 4),
(337, 'Air', 'Tee 1 1/2  Inci', 0, 'BH', '2025-2-11', '', 7),
(338, 'Air', 'Tee 1,5 Ke 3/4', 0, 'BH', '2025-2-11', '', 5),
(339, 'Air', 'Stop Keran 1 1/2 Inci', 0, 'BH', '2025-2-11', '', 3),
(340, 'Air', 'Kran Plastik Uk. 3/4 Inci', 0, 'BH', '2025-2-11', '', 10),
(341, 'Air', 'Pipa PVC 1 Inci', 0, 'Btg', '2025-2-11', '', 1),
(342, 'Air', 'Pipa PVC 3 Inci', 2, 'Btg', '2025-2', '', 2),
(343, 'Air', 'Pipa 4 Inci', 14, 'Btg', '2025-2', '', 14),
(344, 'Air', 'Pipa 2 Inci', 12, 'Btg', '2025-2', '', 12),
(345, 'Air', 'Opersock 2.5 ke 4 Inci', 2, 'BH', '2025-2', '', 2),
(346, 'Air', 'Pipa PVC 2.5 Inci', 2, 'Btg', '2025-2', '', 2),
(347, 'Air', 'Pipa PVC 1 1/2 Inci', 8, 'Btg', '2025-2', '', 8),
(348, 'Air', 'Pipa 1/2 Inci', 10, 'Btg', '2025-2', '', 10),
(349, 'Air', 'Sock Drat 3/4', 6, 'BH', '2025-2', '', 6),
(350, 'Air', 'Sock Sambung 4 Inci', 2, 'BH', '2025-2', '', 2),
(351, 'Air', 'Sock Sambung 2.5 Inci', 10, 'BH', '2025-2', '', 10),
(352, 'Air', 'Elbow Galvanis 2.5 Inci', 1, 'BH', '2025-2', '', 1),
(353, 'Air', 'Elbow 1/2 Inci', 7, 'BH', '2025-2', '', 7),
(354, 'Air', 'Sock Drat Dalam 2.5 Inci', 4, 'BH', '2025-2', '', 4),
(355, 'Air', 'Vlok Sock 1.5 ke 3/4', 1, 'BH', '2025-2', '', 1),
(356, 'Air', 'Vlok Sock 2 ke 3/4', 1, 'BH', '2025-2', '', 1),
(357, 'Air', 'Vlok Sock 1.4 ke 1.2', 14, 'BH', '2025-2', '', 14),
(358, 'Air', 'Lem Pipa', 5, 'Klg', '2025-2', '', 0),
(359, 'Air', 'Tee 4 ke 2 Inci', 3, 'BH', '2025-2', '', 3),
(360, 'Air', 'Stop Kran Kuningan', 2, 'BH', '2025-2', '', 2),
(361, 'Air', 'Sock Drat 1/2 Inci', 6, 'BH', '2025-2', '', 6),
(362, 'Air', 'Sock Drat Luar 2.5 Inci', 3, 'BH', '2025-2', '', 3),
(363, 'Air', 'Stop Kran 2.5 Inci', 1, 'BH', '2025-2', '', 1),
(364, 'Air', 'Stop Kran 2 Inci', 3, 'BH', '2025-2', '', 3),
(365, 'Air', 'Stop Kran 1/2 Inci', 5, 'BH', '2025-2', '', 5),
(366, 'Air', 'Klep 2 Inci', 1, 'BH', '2025-2', '', 1),
(367, 'Air', 'Opersock Galvanis 2.5 Inci', 1, 'BH', '2025-2', '', 1),
(368, 'Air', 'Sock Drat Galvanis 2.5 Inci', 4, 'BH', '2025-2', '', 4),
(369, 'BBM', 'Pertalite', 4, 'Liter', '2025-2', '', 4),
(370, 'Racun', 'MR. Quat', 10, 'Liter', '2025-2', '', 10),
(371, 'Racun', 'Glifosat', 44, 'Liter', '2025-2', '', 44),
(372, 'Racun', 'Starlon/Garlon', 4, 'Liter', '2025-2', '', 4),
(373, 'Racun', 'Gramaxone', 60, 'Liter', '2025-2', '', 60),
(374, 'Racun', 'Santer/Perekat', 14, 'Btl', '2025-2', '', 14),
(375, 'Racun', 'Metaclor', 15, 'Btl', '2025-2', '', 15),
(376, 'Racun', 'Curater', 4, 'Kg', '2025-2', '', 4),
(377, 'Racun', 'Pentamet', 3, 'Set', '2025-2', '', 3),
(378, 'Racun', 'Antracol', 17, 'Bks', '2025-2', '', 17),
(379, 'Pupuk', 'NPK 15-15-64', 50, 'Kg', '2025-2', '', 50),
(380, 'Pupuk', 'Pupuk Urea', 300, 'Kg', '2025-2', '', 300),
(381, 'Pupuk', 'Pupuk Byfolan', 16, 'Btl', '2025-2', '', 16),
(382, 'Pupuk', 'NPK 12-12-17-2', 700, 'Kg', '2025-2', '', 700),
(383, 'Rambung Muda', 'Cuka Getah', 1, 'Jrg', '2025-2', '', 1),
(384, 'Rambung Muda', 'Talang', 1, 'Ktk', '2025-2', '', 0),
(385, 'Rambung Muda', 'Pisau Deres', 2, 'BH', '2025-2', '', 2),
(386, 'Rambung Muda', 'Mangkok Getah', 250, 'BH', '2025-2', '', 250),
(396, 'BBM', 'Pertalite', 4, 'Liter', '2025-2', '', 4),
(397, 'Racun', 'MR. Quat', 10, 'Liter', '2025-2', '', 10),
(398, 'Racun', 'Glifosat', 44, 'Liter', '2025-2', '', 44),
(399, 'Racun', 'Starlon/Garlon', 4, 'Liter', '2025-2', '', 4),
(400, 'Racun', 'Gramaxone', 60, 'Liter', '2025-2', '', 60),
(401, 'Racun', 'Santer/Perekat', 14, 'Btl', '2025-2', '', 14),
(402, 'Racun', 'Metaclor', 15, 'Btl', '2025-2', '', 15),
(403, 'Racun', 'Curater', 4, 'Kg', '2025-2', '', 4),
(404, 'Racun', 'Pentamet', 3, 'Set', '2025-2', '', 3),
(405, 'Racun', 'Antracol', 17, 'Bks', '2025-2', '', 17),
(406, 'Pupuk', 'NPK 15-15-64', 50, 'Kg', '2025-2', '', 50),
(407, 'Pupuk', 'Pupuk Urea', 300, 'Kg', '2025-2', '', 300),
(408, 'Pupuk', 'Pupuk Byfolan', 16, 'Btl', '2025-2', '', 16),
(409, 'Pupuk', 'NPK 12-12-17-2', 700, 'Kg', '2025-2', '', 700),
(410, 'Rambung Muda', 'Cuka Getah', 1, 'Jrg', '2025-2', '', 1),
(411, 'Rambung Muda', 'Talang', 1, 'Ktk', '2025-2', '', 0),
(412, 'Rambung Muda', 'Pisau Deres', 2, 'BH', '2025-2', '', 2),
(413, 'Rambung Muda', 'Mangkok Getah', 250, 'BH', '2025-2', '', 250);

-- --------------------------------------------------------

--
-- Struktur dari tabel `fraction`
--

CREATE TABLE `fraction` (
  `id` int(11) NOT NULL,
  `nama` varchar(225) DEFAULT NULL
) ENGINE=InnoDB DEFAULT CHARSET=utf8mb4 COLLATE=utf8mb4_general_ci;

--
-- Dumping data untuk tabel `fraction`
--

INSERT INTO `fraction` (`id`, `nama`) VALUES
(1, 'traksi'),
(2, 'bibitan'),
(3, 'lainnya');

-- --------------------------------------------------------

--
-- Struktur dari tabel `log_barang`
--

CREATE TABLE `log_barang` (
  `id` int(11) NOT NULL,
  `barang_id` int(11) NOT NULL,
  `nama_barang` varchar(100) NOT NULL,
  `unit` varchar(20) NOT NULL,
  `banyak` int(11) NOT NULL,
  `periode` varchar(20) NOT NULL,
  `total` int(11) NOT NULL
) ENGINE=InnoDB DEFAULT CHARSET=utf8mb4 COLLATE=utf8mb4_general_ci;

--
-- Dumping data untuk tabel `log_barang`
--

INSERT INTO `log_barang` (`id`, `barang_id`, `nama_barang`, `unit`, `banyak`, `periode`, `total`) VALUES
(1, 1, '', 'Psg', 0, '2025-2-11', 0),
(2, 2, '', 'Pcs', 0, '2025-2-11', 0),
(3, 3, '', 'Pcs', 0, '2025-2-11', 0),
(4, 4, '', 'Psg', 0, '2025-2-11', 0),
(5, 5, '', 'Pcs', 0, '2025-2-11', 0),
(6, 6, '', 'BH', 0, '2025-2-11', 0),
(7, 7, '', 'BH', 0, '2025-2-11', 0),
(8, 8, '', 'BH', 0, '2025-2-11', 0),
(9, 9, '', 'BH', 0, '2025-2-11', 0),
(10, 10, '', 'Pcs', 0, '2025-2-11', 0),
(11, 11, '', 'Pcs', 0, '2025-2-11', 0),
(12, 12, '', 'Pcs', 0, '2025-2-11', 0),
(13, 13, '', 'BH', 0, '2025-2-11', 0),
(14, 14, '', 'Btl', 0, '2025-2-11', 0),
(15, 15, '', 'BH', 0, '2025-2-11', 0),
(16, 16, '', 'BH', 0, '2025-2-11', 0),
(17, 17, '', 'BH', 0, '2025-2-11', 0),
(18, 18, '', 'BH', 0, '2025-2-11', 0),
(19, 19, '', 'BH', 0, '2025-2-11', 0),
(20, 20, '', 'BH', 0, '2025-2-11', 0),
(21, 21, '', 'BH', 0, '2025-2-11', 0),
(22, 22, '', 'BH', 0, '2025-2-11', 0),
(23, 23, '', 'Pcs', 0, '2025-2-11', 0),
(24, 24, '', 'BH', 0, '2025-2-11', 0),
(25, 25, '', 'BH', 0, '2025-2-11', 0),
(26, 26, '', 'BH', 0, '2025-2-11', 0),
(27, 27, '', 'BH', 0, '2025-2-11', 0),
(28, 28, '', 'BH', 0, '2025-2-11', 0),
(29, 29, '', 'Pcs', 0, '2025-2-11', 0),
(30, 30, '', 'Pcs', 0, '2025-2-11', 0),
(31, 31, '', 'Pcs', 5, '2025-2-11', 0),
(32, 32, '', 'Set', 0, '2025-2-11', 0),
(33, 33, '', 'Pcs', 0, '2025-2-11', 0),
(34, 34, '', 'Pcs', 0, '2025-2-11', 0),
(35, 35, '', 'Set', 0, '2025-2-11', 0),
(36, 36, '', 'Pcs', 0, '2025-2-11', 0),
(37, 37, '', 'Pcs', 0, '2025-2-11', 0),
(38, 38, '', 'Mtr', 0, '2025-2-11', 0),
(39, 39, '', 'BH', 0, '2025-2-11', 0),
(40, 40, '', 'Pcs', 0, '2025-2-11', 0),
(41, 41, '', 'Set', 0, '2025-2-11', 0),
(42, 42, '', 'Pcs', 0, '2025-2-11', 0),
(43, 43, '', 'Pcs', 0, '2025-2-11', 0),
(44, 44, '', 'Pcs', 0, '2025-2-11', 0),
(45, 45, '', 'Pcs', 0, '2025-2-11', 0),
(46, 46, '', 'BH', 0, '2025-2-11', 0),
(47, 47, '', 'Set', 0, '2025-2-11', 0),
(48, 48, '', 'Set', 0, '2025-2-11', 0),
(49, 49, '', 'BH', 0, '2025-2-11', 0),
(50, 50, '', 'Pcs', 0, '2025-2-11', 0),
(51, 51, '', 'Pcs', 0, '2025-2-11', 0),
(52, 52, '', 'Ktk', 0, '2025-2-11', 0),
(53, 53, '', 'Pcs', 0, '2025-2-11', 0),
(54, 54, '', 'Klg', 0, '2025-2-11', 0),
(55, 55, '', 'Set', 0, '2025-2-11', 0),
(56, 56, '', 'Pcs', 0, '2025-2-11', 0),
(57, 57, '', 'Pcs', 0, '2025-2-11', 0),
(58, 58, '', 'Ltr', 0, '2025-2-11', 0),
(59, 59, '', 'Ltr', 0, '2025-2-11', 0),
(60, 60, '', 'BH', 0, '2025-2-11', 0),
(61, 61, '', 'Pcs', 0, '2025-2-11', 0),
(62, 62, '', 'Psg', 0, '2025-2-11', 0),
(63, 63, '', 'Pcs', 0, '2025-2-11', 0),
(64, 64, '', 'BH', 0, '2025-2-11', 0),
(65, 65, '', 'Set', 0, '2025-2-11', 0),
(66, 66, '', 'Pcs', 0, '2025-2-11', 0),
(67, 67, '', 'Pcs', 0, '2025-2-11', 0),
(68, 68, '', 'Pcs', 0, '2025-2-11', 0),
(69, 69, '', 'Pcs', 0, '2025-2-11', 0),
(70, 70, '', 'Pcs', 0, '2025-2-11', 0),
(71, 71, '', 'Pcs', 0, '2025-2-11', 0),
(72, 72, '', 'Mtr', 0, '2025-2-11', 0),
(73, 73, '', 'Pcs', 0, '2025-2-11', 0),
(74, 74, '', 'Pcs', 0, '2025-2-11', 0),
(75, 75, '', 'Pcs', 0, '2025-2-11', 0),
(76, 76, '', 'Pcs', 0, '2025-2-11', 0),
(77, 77, '', 'Pcs', 0, '2025-2-11', 0),
(78, 78, '', 'BH', 0, '2025-2-11', 0),
(79, 79, '', 'BH', 0, '2025-2-11', 0),
(80, 80, '', 'Pcs', 0, '2025-2-11', 0),
(81, 81, '', 'Pcs', 0, '2025-2-11', 0),
(82, 82, '', 'BH', 0, '2025-2-11', 0),
(83, 83, '', 'Pcs', 0, '2025-2-11', 0),
(84, 84, '', 'Pcs', 0, '2025-2-11', 0),
(85, 85, '', 'Pcs', 0, '2025-2-11', 0),
(86, 86, '', 'Pcs', 0, '2025-2-11', 0),
(87, 87, '', 'Pcs', 0, '2025-2-11', 0),
(88, 88, '', 'Pcs', 0, '2025-2-11', 0),
(89, 89, '', 'Pcs', 0, '2025-2-11', 0),
(90, 90, '', 'BH', 0, '2025-2-11', 0),
(91, 91, '', 'Ktk', 0, '2025-2-11', 0),
(92, 92, '', 'Pcs', 0, '2025-2-11', 0),
(93, 93, '', 'Pcs', 0, '2025-2-11', 0),
(94, 94, '', 'Set', 0, '2025-2-11', 0),
(95, 95, '', 'Ikat', 0, '2025-2-11', 0),
(96, 96, '', 'Pcs', 0, '2025-2-11', 0),
(97, 97, '', 'BH', 0, '2025-2-11', 0),
(98, 98, '', 'Pcs', 0, '2025-2-11', 0),
(99, 99, '', 'Pcs', 0, '2025-2-11', 0),
(100, 100, '', 'Pcs', 0, '2025-2-11', 0),
(101, 101, '', 'Pcs', 0, '2025-2-11', 0),
(102, 102, '', 'Pcs', 0, '2025-2-11', 0),
(103, 103, '', 'Pcs', 0, '2025-2-11', 0),
(104, 104, '', 'Set', 0, '2025-2-11', 0),
(105, 105, '', 'Set', 0, '2025-2-11', 0),
(106, 106, '', 'Set', 0, '2025-2-11', 0),
(107, 107, '', 'Set', 0, '2025-2-11', 0),
(108, 108, '', 'Pcs', 0, '2025-2-11', 0),
(109, 109, '', 'Pcs', 0, '2025-2-11', 0),
(110, 110, '', 'Pcs', 0, '2025-2-11', 0),
(111, 111, '', 'Pcs', 0, '2025-2-11', 0),
(112, 112, '', 'Pcs', 0, '2025-2-11', 0),
(113, 113, '', 'Pcs', 0, '2025-2-11', 0),
(114, 114, '', 'Pcs', 0, '2025-2-11', 0),
(115, 115, '', 'Pcs', 0, '2025-2-11', 0),
(116, 116, '', 'Ltr', 0, '2025-2-11', 0),
(117, 117, '', 'Psg', 0, '2025-2-11', 0),
(118, 118, '', 'Btl', 8, '2025-2-11', 0),
(119, 119, '', 'Psg', 0, '2025-2-11', 0),
(120, 120, '', 'BH', 0, '2025-2-11', 0),
(121, 121, '', 'Set', 0, '2025-2-11', 0),
(122, 122, '', 'BH', 0, '2025-2-11', 0),
(123, 123, '', 'BH', 0, '2025-2-11', 0),
(124, 124, '', 'Unit', 0, '2025-2-11', 0),
(125, 125, '', 'Pcs', 0, '2025-2-11', 0),
(126, 126, '', 'Pcs', 0, '2025-2-11', 0),
(127, 127, '', 'Pcs', 0, '2025-2-11', 0),
(128, 128, '', 'Ktk', 0, '2025-2-11', 0),
(129, 129, '', 'Mtr', 0, '2025-2-11', 0),
(130, 130, '', 'Psg', 0, '2025-2-11', 0),
(131, 131, '', 'Pcs', 0, '2025-2-11', 0),
(132, 132, '', 'BH', 0, '2025-2-11', 0),
(133, 133, '', 'BH', 0, '2025-2-11', 0),
(134, 134, '', 'Psg', 0, '2025-2-11', 0),
(135, 135, '', 'Set', 0, '2025-2-11', 0),
(136, 136, '', 'BH', 0, '2025-2-11', 0),
(137, 137, '', 'Pcs', 0, '2025-2-11', 0),
(138, 138, '', 'Pcs', 0, '2025-2-11', 0),
(139, 139, '', 'BH', 0, '2025-2-11', 0),
(140, 140, '', 'BH', 0, '2025-2-11', 0),
(141, 141, '', 'Mtr', 0, '2025-2-11', 0),
(142, 142, '', 'Ltr', 0, '2025-2-11', 0),
(143, 143, '', 'Set', 0, '2025-2-11', 0),
(144, 144, '', 'BH', 0, '2025-2-11', 0),
(145, 145, '', 'BH', 0, '2025-2-11', 0),
(146, 146, '', 'Pcs', 0, '2025-2-11', 0),
(147, 147, '', 'Pcs', 0, '2025-2-11', 0),
(148, 148, '', 'Pcs', 0, '2025-2-11', 0),
(149, 149, '', 'Set', 0, '2025-2-11', 0),
(150, 150, '', 'Pcs', 0, '2025-2-11', 0),
(151, 151, '', 'Pcs', 0, '2025-2-11', 0),
(152, 152, '', 'BH', 0, '2025-2-11', 0),
(153, 153, '', 'BH', 25, '2025-2-11', 0),
(154, 154, '', 'Pcs', 0, '2025-2-11', 0),
(155, 155, '', 'Pcs', 0, '2025-2-11', 0),
(156, 156, '', 'BH', 0, '2025-2-11', 0),
(157, 157, '', 'Mtr', 0, '2025-2-11', 0),
(158, 158, '', 'BH', 0, '2025-2-11', 0),
(159, 159, '', 'Mtr', 0, '2025-2-11', 0),
(160, 160, '', 'Mtr', 0, '2025-2-11', 0),
(161, 161, '', 'Pcs', 0, '2025-2-11', 0),
(162, 162, '', 'BH', 0, '2025-2-11', 0),
(163, 163, '', 'BH', 0, '2025-2-11', 0),
(164, 164, '', 'BH', 0, '2025-2-11', 0),
(165, 165, '', 'Psg', 0, '2025-2-11', 0),
(166, 166, '', 'Pcs', 0, '2025-2-11', 0),
(167, 167, '', 'BH', 0, '2025-2-11', 0),
(168, 168, '', 'Btg', 0, '2025-2-11', 0),
(169, 169, '', 'Mtr', 0, '2025-2-11', 0),
(170, 170, '', 'BH', 0, '2025-2-11', 0),
(171, 171, '', 'BH', 0, '2025-2-11', 0),
(172, 172, '', 'BH', 0, '2025-2-11', 0),
(173, 173, '', 'BH', 0, '2025-2-11', 0),
(174, 174, '', 'Mtr', 0, '2025-2-11', 0),
(175, 175, '', 'BH', 0, '2025-2-11', 0),
(176, 176, '', 'BH', 0, '2025-2-11', 0),
(177, 177, '', 'Pak', 0, '2025-2-11', 0),
(178, 178, '', 'Bks', 0, '2025-2-11', 0),
(179, 179, '', 'BH', 0, '2025-2-11', 0),
(180, 180, '', 'BH', 0, '2025-2-11', 0),
(181, 181, '', 'BH', 0, '2025-2-11', 0),
(182, 182, '', 'BH', 0, '2025-2-11', 0),
(183, 183, '', ' BH', 0, '2025-2-11', 0),
(184, 184, '', 'BH', 0, '2025-2-11', 0),
(185, 185, '', 'BH', 0, '2025-2-11', 0),
(186, 186, '', 'BH', 0, '2025-2-11', 0),
(187, 187, '', 'Bks', 0, '2025-2-11', 0),
(188, 188, '', 'BH', 0, '2025-2-11', 0),
(189, 189, '', 'Klg', 0, '2025-2-11', 0),
(190, 190, '', 'Btg', 0, '2025-2-11', 0),
(191, 191, '', 'BH', 0, '2025-2-11', 0),
(192, 192, '', 'Klg', 0, '2025-2-11', 0),
(193, 193, '', 'BH', 0, '2025-2-11', 0),
(194, 194, '', 'Pcs', 0, '2025-2-11', 0),
(195, 195, '', 'Pcs', 0, '2025-2-11', 0),
(196, 196, '', 'Btg', 0, '2025-2-11', 0),
(197, 197, '', 'BH', 0, '2025-2-11', 0),
(198, 198, '', 'BH', 0, '2025-2-11', 0),
(199, 199, '', 'BH', 0, '2025-2-11', 0),
(200, 200, '', 'BH', 0, '2025-2-11', 0),
(201, 201, '', 'Mtr', 0, '2025-2-11', 0),
(202, 202, '', 'Pcs', 0, '2025-2-11', 0),
(203, 203, '', 'BH', 0, '2025-2-11', 0),
(204, 204, '', 'Glg', 0, '2025-2-11', 0),
(205, 205, '', 'BH', 0, '2025-2-11', 0),
(206, 206, '', 'Klg', 0, '2025-2-11', 0),
(207, 207, '', 'BH', 0, '2025-2-11', 0),
(208, 208, '', 'Mtr', 0, '2025-2-11', 0),
(209, 209, '', 'Sak', 0, '2025-2-11', 0),
(210, 210, '', 'Btg', 0, '2025-2-11', 0),
(211, 211, '', 'Set', 0, '2025-2-11', 0),
(212, 212, '', 'BH', 0, '2025-2-11', 0),
(213, 213, '', 'BH', 0, '2025-2-11', 0),
(214, 214, '', 'Ktk', 0, '2025-2-11', 0),
(215, 215, '', 'Kg', 75, '2025-2-11', 0),
(216, 216, '', 'Kg', 0, '2025-2-11', 0),
(217, 217, '', 'Kg', 0, '2025-2-11', 0),
(218, 218, '', 'BH', 0, '2025-2-11', 0),
(219, 219, '', 'Kg', 0, '2025-2-11', 0),
(220, 220, '', 'Ktk', 0, '2025-2-11', 0),
(221, 221, '', 'BH', 0, '2025-2-11', 0),
(222, 222, '', 'BH', 0, '2025-2-11', 0),
(223, 223, '', 'Pcs', 0, '2025-2-11', 0),
(224, 224, '', 'BH', 0, '2025-2-11', 0),
(225, 225, '', 'Bks', 0, '2025-2-11', 0),
(226, 226, '', 'Kg', 0, '2025-2-11', 0),
(227, 227, '', 'BH', 0, '2025-2-11', 0),
(228, 228, '', 'Ktk', 0, '2025-2-11', 0),
(229, 229, '', 'BH', 0, '2025-2-11', 0),
(230, 230, '', 'BH', 0, '2025-2-11', 0),
(231, 231, '', 'Psg', 0, '2025-2-11', 0),
(232, 232, '', 'Rol', 0, '2025-2-11', 0),
(233, 233, '', 'BH', 0, '2025-2-11', 0),
(234, 234, '', 'Pcs', 0, '2025-2-11', 0),
(235, 235, '', 'Psg', 0, '2025-2-11', 0),
(236, 236, '', 'Kg', 0, '2025-2-11', 0),
(237, 237, '', 'BH', 0, '2025-2-11', 0),
(238, 238, '', 'Pcs', 0, '2025-2-11', 0),
(239, 239, '', 'BH', 0, '2025-2-11', 0),
(240, 240, '', 'Pcs', 0, '2025-2-11', 0),
(241, 241, '', 'BH', 0, '2025-2-11', 0),
(242, 242, '', 'BH', 0, '2025-2-11', 0),
(243, 243, '', 'BH', 0, '2025-2-11', 0),
(244, 244, '', 'BH', 0, '2025-2-11', 0),
(245, 245, '', 'BH', 0, '2025-2-11', 0),
(246, 246, '', 'Kg', 0, '2025-2-11', 0),
(247, 247, '', 'BH', 0, '2025-2-11', 0),
(248, 248, '', 'BH', 0, '2025-2-11', 0),
(249, 249, '', 'BH', 0, '2025-2-11', 0),
(250, 250, '', 'BH', 0, '2025-2-11', 0),
(251, 251, '', 'BH', 0, '2025-2-11', 0),
(252, 252, '', 'Pcs', 0, '2025-2-11', 0),
(253, 253, '', 'Set', 0, '2025-2-11', 0),
(254, 254, '', 'Pcs', 0, '2025-2-11', 0),
(255, 255, '', 'Pcs', 0, '2025-2-11', 0),
(256, 256, '', 'Pcs', 0, '2025-2-11', 0),
(257, 257, '', 'BH', 0, '2025-2-11', 0),
(258, 258, '', 'BH', 0, '2025-2-11', 0),
(259, 259, '', 'BH', 0, '2025-2-11', 0),
(260, 260, '', 'Lbr', 0, '2025-2-11', 0),
(261, 261, '', 'Pcs', 0, '2025-2-11', 0),
(262, 262, '', 'Mtr', 0, '2025-2-11', 0),
(263, 263, '', 'Pcs', 0, '2025-2-11', 0),
(264, 264, '', 'BH', 0, '2025-2-11', 0),
(265, 265, '', 'BH', 0, '2025-2-11', 0),
(266, 266, '', 'Klg', 0, '2025-2-11', 0),
(267, 267, '', 'Btg', 0, '2025-2-11', 0),
(268, 268, '', 'BH', 0, '2025-2-11', 0),
(269, 269, '', 'BH', 0, '2025-2-11', 0),
(270, 270, '', 'Ltr', 0, '2025-2-11', 0),
(271, 271, '', 'Lbr', 0, '2025-2-11', 0),
(272, 272, '', 'BH', 0, '2025-2-11', 0),
(273, 273, '', 'BH', 0, '2025-2-11', 0),
(274, 274, '', 'Mtr', 0, '2025-2-11', 0),
(275, 275, '', 'Psg', 0, '2025-2-11', 0),
(276, 276, '', 'Pcs', 0, '2025-2-11', 0),
(277, 277, '', 'Pcs', 0, '2025-2-11', 0),
(278, 278, '', 'Pcs', 0, '2025-2-11', 0),
(279, 279, '', 'BH', 0, '2025-2-11', 0),
(280, 280, '', 'Psg', 0, '2025-2-11', 0),
(281, 281, '', 'Pcs', 0, '2025-2-11', 0),
(282, 282, '', 'BH', 0, '2025-2-11', 0),
(283, 283, '', 'Pcs', 0, '2025-2-11', 0),
(284, 284, '', 'Pcs', 0, '2025-2-11', 0),
(285, 285, '', 'BH', 0, '2025-2-11', 0),
(286, 286, '', 'BH', 0, '2025-2-11', 0),
(287, 287, '', 'Psg', 0, '2025-2-11', 0),
(288, 288, '', 'Psg', 0, '2025-2-11', 0),
(289, 289, '', 'Unit', 0, '2025-2-11', 0),
(290, 290, '', 'Roll', 0, '2025-2-11', 0),
(291, 291, '', 'Psg', 0, '2025-2-11', 0),
(292, 292, '', 'Unit', 0, '2025-2-11', 0),
(293, 293, '', 'Pcs', 0, '2025-2-11', 0),
(294, 294, '', 'Klg', 0, '2025-2-11', 0),
(295, 295, '', 'BH', 0, '2025-2-11', 0),
(296, 296, '', 'BH', 0, '2025-2-11', 0),
(297, 297, '', 'Pcs', 0, '2025-2-11', 0),
(298, 298, '', 'BH', 0, '2025-2-11', 0),
(299, 299, '', 'Unit', 0, '2025-2-11', 0),
(300, 300, '', 'Roll', 4, '2025-2-11', 0),
(301, 301, '', 'BH', 0, '2025-2-11', 0),
(302, 302, '', 'Mtr', 0, '2025-2-11', 0),
(303, 303, '', 'BH', 5, '2025-2-11', 0),
(304, 304, '', 'Bal', 0, '2025-2-11', 0),
(305, 305, '', 'Bal', 0, '2025-2-11', 0),
(306, 306, '', 'Klg', 0, '2025-2-11', 0),
(307, 307, '', 'Kg', 0, '2025-2-11', 0),
(308, 308, '', 'BH', 0, '2025-2-11', 0),
(309, 309, '', 'BH', 0, '2025-2-11', 0),
(310, 310, '', 'BH', 0, '2025-2-11', 0),
(311, 311, '', 'Roll', 0, '2025-2-11', 0),
(312, 312, '', 'Mtr', 0, '2025-2-11', 0),
(313, 313, '', 'Ikat', 2, '2025-2-11', 0),
(314, 314, '', 'BH', 0, '2025-2-11', 0),
(315, 315, '', 'Roll', 0, '2025-2-11', 0),
(316, 316, '', 'BH', 0, '2025-2-11', 0),
(317, 317, '', 'BH', 0, '2025-2-11', 0),
(318, 318, '', 'BH', 0, '2025-2-11', 0),
(319, 319, '', 'BH', 0, '2025-2-11', 0),
(320, 320, '', 'BH', 0, '2025-2-11', 0),
(321, 321, '', 'BH', 0, '2025-2-11', 0),
(322, 322, '', 'BH', 0, '2025-2-11', 0),
(323, 323, '', 'BH', 0, '2025-2-11', 0),
(324, 324, '', 'BH', 0, '2025-2-11', 0),
(325, 325, '', 'BH', 0, '2025-2-11', 0),
(326, 326, '', 'BH', 0, '2025-2-11', 0),
(327, 327, '', 'BH', 0, '2025-2-11', 0),
(328, 328, '', 'BH', 0, '2025-2-11', 0),
(329, 329, '', 'BH', 0, '2025-2-11', 0),
(330, 330, '', 'BH', 0, '2025-2-11', 0),
(331, 331, '', 'BH', 0, '2025-2-11', 0),
(332, 332, '', 'BH', 0, '2025-2-11', 0),
(333, 333, '', 'BH', 0, '2025-2-11', 0),
(334, 334, '', 'BH', 0, '2025-2-11', 0),
(335, 335, '', 'BH', 0, '2025-2-11', 0),
(336, 336, '', 'BH', 0, '2025-2-11', 0),
(337, 337, '', 'BH', 0, '2025-2-11', 0),
(338, 338, '', 'BH', 0, '2025-2-11', 0),
(339, 339, '', 'BH', 0, '2025-2-11', 0),
(340, 340, '', 'BH', 0, '2025-2-11', 0),
(341, 341, '', 'Btg', 0, '2025-2-11', 0),
(342, 342, '', 'Btg', 2, '2025-2', 0),
(343, 343, '', 'Btg', 14, '2025-2', 0),
(344, 344, '', 'Btg', 12, '2025-2', 0),
(345, 345, '', 'BH', 2, '2025-2', 0),
(346, 346, '', 'Btg', 2, '2025-2', 0),
(347, 347, '', 'Btg', 8, '2025-2', 0),
(348, 348, '', 'Btg', 10, '2025-2', 0),
(349, 349, '', 'BH', 6, '2025-2', 0),
(350, 350, '', 'BH', 2, '2025-2', 0),
(351, 351, '', 'BH', 10, '2025-2', 0),
(352, 352, '', 'BH', 1, '2025-2', 0),
(353, 353, '', 'BH', 7, '2025-2', 0),
(354, 354, '', 'BH', 4, '2025-2', 0),
(355, 355, '', 'BH', 1, '2025-2', 0),
(356, 356, '', 'BH', 1, '2025-2', 0),
(357, 357, '', 'BH', 14, '2025-2', 0),
(358, 358, '', 'Klg', 5, '2025-2', 0),
(359, 359, '', 'BH', 3, '2025-2', 0),
(360, 360, '', 'BH', 2, '2025-2', 0),
(361, 361, '', 'BH', 6, '2025-2', 0),
(362, 362, '', 'BH', 3, '2025-2', 0),
(363, 363, '', 'BH', 1, '2025-2', 0),
(364, 364, '', 'BH', 3, '2025-2', 0),
(365, 365, '', 'BH', 5, '2025-2', 0),
(366, 366, '', 'BH', 1, '2025-2', 0),
(367, 367, '', 'BH', 1, '2025-2', 0),
(368, 368, '', 'BH', 4, '2025-2', 0),
(369, 369, '', 'Liter', 4, '2025-2', 0),
(370, 370, '', 'Liter', 10, '2025-2', 0),
(371, 371, '', 'Liter', 44, '2025-2', 0),
(372, 372, '', 'Liter', 4, '2025-2', 0),
(373, 373, '', 'Liter', 60, '2025-2', 0),
(374, 374, '', 'Btl', 14, '2025-2', 0),
(375, 375, '', 'Btl', 15, '2025-2', 0),
(376, 376, '', 'Kg', 4, '2025-2', 0),
(377, 377, '', 'Set', 3, '2025-2', 0),
(378, 378, '', 'Bks', 17, '2025-2', 0),
(379, 379, '', 'Kg', 50, '2025-2', 0),
(380, 380, '', 'Kg', 300, '2025-2', 0),
(381, 381, '', 'Btl', 16, '2025-2', 0),
(382, 382, '', 'Kg', 700, '2025-2', 0),
(383, 383, '', 'Jrg', 1, '2025-2', 0),
(384, 384, '', 'Ktk', 1, '2025-2', 0),
(385, 385, '', 'BH', 2, '2025-2', 0),
(386, 386, '', 'BH', 250, '2025-2', 0),
(512, 31, '', 'Pcs', 2, '2025-1-11', 0);

-- --------------------------------------------------------

--
-- Struktur dari tabel `log_vehicle`
--

CREATE TABLE `log_vehicle` (
  `id` int(11) NOT NULL,
  `vehicle_id` int(11) NOT NULL,
  `barang_id` int(11) NOT NULL,
  `quantity` int(11) NOT NULL,
  `keterangan` varchar(225) DEFAULT NULL,
  `periode` varchar(20) NOT NULL
) ENGINE=InnoDB DEFAULT CHARSET=utf8mb4 COLLATE=utf8mb4_general_ci;

--
-- Dumping data untuk tabel `log_vehicle`
--

INSERT INTO `log_vehicle` (`id`, `vehicle_id`, `barang_id`, `quantity`, `keterangan`, `periode`) VALUES
(1, 1, 31, 2, NULL, '2025-02-23'),
(2, 1, 118, 2, NULL, '2025-02-26'),
(3, 2, 118, 3, 'AFD 1 abdul2', '2025-02-27');

-- --------------------------------------------------------

--
-- Struktur dari tabel `vehicle`
--

CREATE TABLE `vehicle` (
  `id` int(11) NOT NULL,
  `nama_kendaraan` varchar(50) NOT NULL,
  `id_barang_digunakan` int(11) DEFAULT NULL,
  `banyak` int(11) NOT NULL,
  `tanggal` date NOT NULL
) ENGINE=InnoDB DEFAULT CHARSET=utf8mb4 COLLATE=utf8mb4_general_ci;

--
-- Dumping data untuk tabel `vehicle`
--

INSERT INTO `vehicle` (`id`, `nama_kendaraan`, `id_barang_digunakan`, `banyak`, `tanggal`) VALUES
(1, 'AFD I', NULL, 0, '0000-00-00'),
(2, 'AFD II', NULL, 0, '0000-00-00'),
(3, 'AFD III', NULL, 0, '0000-00-00'),
(4, 'AFD IV', NULL, 0, '0000-00-00'),
(5, 'AFD V', NULL, 0, '0000-00-00'),
(6, 'traksi', NULL, 0, '0000-00-00'),
(7, 'bibitan', NULL, 0, '0000-00-00'),
(8, 'lainnya', NULL, 0, '0000-00-00');

--
-- Indexes for dumped tables
--

--
-- Indeks untuk tabel `barang`
--
ALTER TABLE `barang`
  ADD PRIMARY KEY (`id`);

--
-- Indeks untuk tabel `fraction`
--
ALTER TABLE `fraction`
  ADD PRIMARY KEY (`id`);

--
-- Indeks untuk tabel `log_barang`
--
ALTER TABLE `log_barang`
  ADD PRIMARY KEY (`id`),
  ADD KEY `barang_id` (`barang_id`);

--
-- Indeks untuk tabel `log_vehicle`
--
ALTER TABLE `log_vehicle`
  ADD PRIMARY KEY (`id`),
  ADD KEY `vehicle_id` (`vehicle_id`),
  ADD KEY `barang_id` (`barang_id`);

--
-- Indeks untuk tabel `vehicle`
--
ALTER TABLE `vehicle`
  ADD PRIMARY KEY (`id`),
  ADD KEY `id_barang_digunakan` (`id_barang_digunakan`);

--
-- AUTO_INCREMENT untuk tabel yang dibuang
--

--
-- AUTO_INCREMENT untuk tabel `barang`
--
ALTER TABLE `barang`
  MODIFY `id` int(11) NOT NULL AUTO_INCREMENT, AUTO_INCREMENT=415;

--
-- AUTO_INCREMENT untuk tabel `fraction`
--
ALTER TABLE `fraction`
  MODIFY `id` int(11) NOT NULL AUTO_INCREMENT, AUTO_INCREMENT=4;

--
-- AUTO_INCREMENT untuk tabel `log_barang`
--
ALTER TABLE `log_barang`
  MODIFY `id` int(11) NOT NULL AUTO_INCREMENT, AUTO_INCREMENT=513;

--
-- AUTO_INCREMENT untuk tabel `log_vehicle`
--
ALTER TABLE `log_vehicle`
  MODIFY `id` int(11) NOT NULL AUTO_INCREMENT, AUTO_INCREMENT=4;

--
-- AUTO_INCREMENT untuk tabel `vehicle`
--
ALTER TABLE `vehicle`
  MODIFY `id` int(11) NOT NULL AUTO_INCREMENT, AUTO_INCREMENT=9;

--
-- Ketidakleluasaan untuk tabel pelimpahan (Dumped Tables)
--

--
-- Ketidakleluasaan untuk tabel `log_barang`
--
ALTER TABLE `log_barang`
  ADD CONSTRAINT `log_barang_ibfk_1` FOREIGN KEY (`barang_id`) REFERENCES `barang` (`id`);

--
-- Ketidakleluasaan untuk tabel `log_vehicle`
--
ALTER TABLE `log_vehicle`
  ADD CONSTRAINT `log_vehicle_ibfk_1` FOREIGN KEY (`vehicle_id`) REFERENCES `vehicle` (`id`),
  ADD CONSTRAINT `log_vehicle_ibfk_2` FOREIGN KEY (`barang_id`) REFERENCES `barang` (`id`);

--
-- Ketidakleluasaan untuk tabel `vehicle`
--
ALTER TABLE `vehicle`
  ADD CONSTRAINT `vehicle_ibfk_1` FOREIGN KEY (`id_barang_digunakan`) REFERENCES `barang` (`id`);
COMMIT;

/*!40101 SET CHARACTER_SET_CLIENT=@OLD_CHARACTER_SET_CLIENT */;
/*!40101 SET CHARACTER_SET_RESULTS=@OLD_CHARACTER_SET_RESULTS */;
/*!40101 SET COLLATION_CONNECTION=@OLD_COLLATION_CONNECTION */;
